<?xml version="1.0" encoding="UTF-8"?>
<!DOCTYPE mapper
   PUBLIC "-//mybatis.org//DTD Mapper 3.0//EN"
   "http://mybatis.org/dtd/mybatis-3-mapper.dtd">
<mapper namespace="org.zerock.mapper.MemberMapper">
   <select id="getList" resultType="org.zerock.domain.MemberVO">
      select * from tbl_member
   </select>
   
   <insert id="insert">
      insert into tbl_member (id, password,name, phone)
      values (#{id}, #{password}, #{name}, #{phone})
   </insert>
   
   <select id="read" resultType="org.zerock.domain.MemberVO">
      select * from tbl_member where id = #{id}
   </select>
   
   <select id="delete">
       delete from tbl_member where id = #{id}
   </select>
   
   <update id="update">
      update tbl_member set 
      password= #{password},
      name = #{name},
      phone = #{phone}
      where id = #{id}
   </update>
</mapper>